{
    "USERNAME": "ZANdewanai",
    "MC_AETHER": true,
    "WANDERER_NAME": "Wanderer",
    "GAME_RESOLUTION": 1080,
    "USE_GPU": true,
    "ADAPTED_NAMES_4P_COORD": [
        [
            2165,
            340,
            2362,
            411
        ],
        [
            2165,
            470,
            2362,
            542
        ],
        [
            2165,
            575,
            2360,
            650
        ],
        [
            2165,
            725,
            2362,
            798
        ]
    ],
    "ADAPTED_NUMBER_4P_COORD": [
        [
            2480,
            350,
            2510,
            380
        ],
        [
            2480,
            472,
            2510,
            502
        ],
        [
            2480,
            592,
            2510,
            622
        ],
        [
            2480,
            717,
            2510,
            747
        ]
    ],
    "ADAPTATION_ACTIVE": true,
    "ADAPTATION_HISTORY": [
        {
            "slot": 0,
            "original_coords": [
                2165,
                320,
                2362,
                391
            ],
            "adapted_coords": [
                2165,
                345,
                2362,
                416
            ],
            "timestamp": 1774820139.4023552
        },
        {
            "slot": 3,
            "original_coords": [
                2165,
                705,
                2362,
                778
            ],
            "adapted_coords": [
                2165,
                725,
                2362,
                798
            ],
            "timestamp": 1774820160.497508
        },
        {
            "slot": 1,
            "original_coords": [
                2165,
                445,
                2362,
                517
            ],
            "adapted_coords": [
                2165,
                425,
                2362,
                497
            ],
            "timestamp": 1774820209.7698514
        },
        {
            "slot": 0,
            "original_coords": [
                2165,
                320,
                2362,
                391
            ],
            "adapted_coords": [
                2165,
                335,
                2362,
                406
            ],
            "timestamp": 1774820215.8346322
        },
        {
            "slot": 1,
            "original_coords": [
                2165,
                445,
                2362,
                517
            ],
            "adapted_coords": [
                2165,
                470,
                2362,
                542
            ],
            "timestamp": 1774820217.2272277
        },
        {
            "slot": 2,
            "original_coords": [
                2165,
                575,
                2360,
                650
            ],
            "adapted_coords": [
                2165,
                575,
                2360,
                650
            ],
            "timestamp": 1774820234.5629804
        },
        {
            "slot": 3,
            "original_coords": [
                2165,
                705,
                2362,
                778
            ],
            "adapted_coords": [
                2165,
                715,
                2362,
                788
            ],
            "timestamp": 1774820235.7486248
        },
        {
            "slot": 3,
            "original_coords": [
                2165,
                705,
                2362,
                778
            ],
            "adapted_coords": [
                2165,
                725,
                2362,
                798
            ],
            "timestamp": 1774820286.2844992
        },
        {
            "slot": 0,
            "original_coords": [
                2165,
                320,
                2362,
                391
            ],
            "adapted_coords": [
                2165,
                340,
                2362,
                411
            ],
            "timestamp": 1774820298.972127
        }
    ],
    "OCCUPIED_SLOTS": [
        null,
        null,
        null,
        null
    ]
}