{
    "USERNAME": "ZANdewanai",
    "MC_AETHER": true,
    "WANDERER_NAME": "Wanderer",
    "GAME_RESOLUTION": 1080,
    "USE_GPU": true,
    "ADAPTED_NAMES_4P_COORD": [
        [
            2165,
            330,
            2362,
            401
        ],
        [
            2165,
            470,
            2362,
            542
        ],
        [
            2165,
            585,
            2360,
            660
        ],
        [
            2165,
            755,
            2362,
            828
        ]
    ],
    "ADAPTED_NUMBER_4P_COORD": [
        [
            2480,
            350,
            2510,
            380
        ],
        [
            2480,
            472,
            2510,
            502
        ],
        [
            2480,
            592,
            2510,
            622
        ],
        [
            2480,
            717,
            2510,
            747
        ]
    ],
    "ADAPTATION_ACTIVE": true,
    "ADAPTATION_HISTORY": [
        {
            "slot": 3,
            "original_coords": [
                2165,
                725,
                2362,
                798
            ],
            "adapted_coords": [
                2165,
                695,
                2362,
                768
            ],
            "timestamp": 1774828245.8855968
        },
        {
            "slot": 0,
            "original_coords": [
                2165,
                340,
                2362,
                411
            ],
            "adapted_coords": [
                2165,
                335,
                2362,
                406
            ],
            "timestamp": 1774828250.980912
        },
        {
            "slot": 3,
            "original_coords": [
                2165,
                725,
                2362,
                798
            ],
            "adapted_coords": [
                2165,
                710,
                2362,
                783
            ],
            "timestamp": 1774828262.7899082
        },
        {
            "slot": 1,
            "original_coords": [
                2165,
                470,
                2362,
                542
            ],
            "adapted_coords": [
                2165,
                440,
                2362,
                512
            ],
            "timestamp": 1774828267.8949313
        },
        {
            "slot": 0,
            "original_coords": [
                2165,
                340,
                2362,
                411
            ],
            "adapted_coords": [
                2165,
                345,
                2362,
                416
            ],
            "timestamp": 1774828275.963325
        },
        {
            "slot": 0,
            "original_coords": [
                2165,
                340,
                2362,
                411
            ],
            "adapted_coords": [
                2165,
                330,
                2362,
                401
            ],
            "timestamp": 1774828308.0575159
        },
        {
            "slot": 2,
            "original_coords": [
                2165,
                575,
                2360,
                650
            ],
            "adapted_coords": [
                2165,
                545,
                2360,
                620
            ],
            "timestamp": 1774828313.4977593
        },
        {
            "slot": 1,
            "original_coords": [
                2165,
                470,
                2362,
                542
            ],
            "adapted_coords": [
                2165,
                470,
                2362,
                542
            ],
            "timestamp": 1774828323.751102
        },
        {
            "slot": 2,
            "original_coords": [
                2165,
                575,
                2360,
                650
            ],
            "adapted_coords": [
                2165,
                585,
                2360,
                660
            ],
            "timestamp": 1774828330.3982394
        },
        {
            "slot": 3,
            "original_coords": [
                2165,
                725,
                2362,
                798
            ],
            "adapted_coords": [
                2165,
                700,
                2362,
                773
            ],
            "timestamp": 1774828346.9714813
        },
        {
            "slot": 3,
            "original_coords": [
                2165,
                725,
                2362,
                798
            ],
            "adapted_coords": [
                2165,
                720,
                2362,
                793
            ],
            "timestamp": 1774828351.951203
        },
        {
            "slot": 3,
            "original_coords": [
                2165,
                725,
                2362,
                798
            ],
            "adapted_coords": [
                2165,
                755,
                2362,
                828
            ],
            "timestamp": 1774828365.9895954
        }
    ],
    "OCCUPIED_SLOTS": [
        null,
        null,
        2,
        3
    ]
}